<?xml version='1.0'?>
<module>
	<exporttime>2018-05-23 10:26:14</exporttime>
	<name>VTEWebhookRequests</name>
	<label>Webhook Requests</label>
	<parent>Tools</parent>
	<version>1.0.0</version>
	<dependencies>
		<vtiger_version>7.0.1</vtiger_version>
	</dependencies>
	<tables>
		<table>
			<name>vtiger_vtewebhookrequests</name>
			<sql><![CDATA[CREATE TABLE `vtiger_vtewebhookrequests` (
			  `vtewebhookrequestsid` int(19) NOT NULL,
			  `name` varchar(255) DEFAULT NULL,
			  `vtewebhookrequestsno` varchar(100) DEFAULT NULL,
			  `workflow` varchar(100) DEFAULT NULL,
			  `source_module` varchar(100) DEFAULT NULL,
			  `action_title` varchar(100) DEFAULT NULL,
			  `record_url` text DEFAULT NULL,
			  `method` varchar(100) DEFAULT NULL,
			  `url` text DEFAULT NULL,
			  `content_type` varchar(100) DEFAULT NULL,
			  `authorization_type` varchar(100) DEFAULT NULL,
			  `authorization_username` varchar(255) DEFAULT NULL,
			  `authorization_password` varchar(255) DEFAULT NULL,
			  `request` text DEFAULT NULL,
			  `request_date_time` varchar(100) DEFAULT NULL,
			  `request_response` text DEFAULT NULL,
			  `mapped_response` text DEFAULT NULL,
			  `update_to_vtiger` text DEFAULT NULL,
			  `request_status` varchar(100) DEFAULT NULL,
			  `source_record`  integer(19) DEFAULT NULL,
			  PRIMARY KEY (`vtewebhookrequestsid`)
			) ENGINE=InnoDB DEFAULT CHARSET=utf8]]></sql>
		</table>
		<table>
			<name>vtiger_vtewebhookrequestscf</name>
			<sql><![CDATA[CREATE TABLE `vtiger_vtewebhookrequestscf` (
			  `vtewebhookrequestsid` int(19) NOT NULL,
			  PRIMARY KEY (`vtewebhookrequestsid`)
			) ENGINE=InnoDB DEFAULT CHARSET=utf8]]></sql>
		</table>
	</tables>
	<blocks>
		<block>
			<label>LBL_VTEWEBHOOKREQUESTS_INFORMATION</label>
			<fields>
				<field>
					<fieldname>name</fieldname>
					<uitype>2</uitype>
					<columnname>name</columnname>
					<tablename>vtiger_vtewebhookrequests</tablename>
					<generatedtype>1</generatedtype>
					<fieldlabel>Name</fieldlabel>
					<readonly>1</readonly>
					<presence>2</presence>
					<defaultvalue></defaultvalue>
					<sequence>1</sequence>
					<maximumlength>100</maximumlength>
					<typeofdata>V~M</typeofdata>
					<quickcreate>1</quickcreate>
					<quickcreatesequence>0</quickcreatesequence>
					<displaytype>1</displaytype>
					<info_type>BAS</info_type>
					<helpinfo><![CDATA[]]></helpinfo>
					<masseditable>1</masseditable>
					<summaryfield>0</summaryfield>
					<entityidentifier>
						<entityidfield>vtewebhookrequestsid</entityidfield>
						<entityidcolumn>vtewebhookrequestsid</entityidcolumn>
					</entityidentifier>
				</field>
				<field>
					<fieldname>assigned_user_id</fieldname>
					<uitype>53</uitype>
					<columnname>smownerid</columnname>
					<tablename>vtiger_crmentity</tablename>
					<generatedtype>1</generatedtype>
					<fieldlabel>Assigned To</fieldlabel>
					<readonly>1</readonly>
					<presence>2</presence>
					<defaultvalue></defaultvalue>
					<sequence>2</sequence>
					<maximumlength>100</maximumlength>
					<typeofdata>V~M</typeofdata>
					<quickcreate>1</quickcreate>
					<quickcreatesequence>0</quickcreatesequence>
					<displaytype>1</displaytype>
					<info_type>BAS</info_type>
					<helpinfo><![CDATA[]]></helpinfo>
					<masseditable>1</masseditable>
					<summaryfield>0</summaryfield>
				</field>
				<field>
					<fieldname>createdtime</fieldname>
					<uitype>70</uitype>
					<columnname>createdtime</columnname>
					<tablename>vtiger_crmentity</tablename>
					<generatedtype>1</generatedtype>
					<fieldlabel>Created Time</fieldlabel>
					<readonly>1</readonly>
					<presence>2</presence>
					<defaultvalue></defaultvalue>
					<sequence>3</sequence>
					<maximumlength>100</maximumlength>
					<typeofdata>T~O</typeofdata>
					<quickcreate>1</quickcreate>
					<quickcreatesequence>0</quickcreatesequence>
					<displaytype>2</displaytype>
					<info_type>BAS</info_type>
					<helpinfo><![CDATA[]]></helpinfo>
					<masseditable>1</masseditable>
					<summaryfield>0</summaryfield>
				</field>
				<field>
					<fieldname>modifiedtime</fieldname>
					<uitype>70</uitype>
					<columnname>modifiedtime</columnname>
					<tablename>vtiger_crmentity</tablename>
					<generatedtype>1</generatedtype>
					<fieldlabel>Modified Time</fieldlabel>
					<readonly>1</readonly>
					<presence>2</presence>
					<defaultvalue></defaultvalue>
					<sequence>4</sequence>
					<maximumlength>100</maximumlength>
					<typeofdata>T~O</typeofdata>
					<quickcreate>1</quickcreate>
					<quickcreatesequence>0</quickcreatesequence>
					<displaytype>2</displaytype>
					<info_type>BAS</info_type>
					<helpinfo><![CDATA[]]></helpinfo>
					<masseditable>1</masseditable>
					<summaryfield>0</summaryfield>
				</field>
				<field>
					<fieldname>vtewebhookrequestsno</fieldname>
					<uitype>4</uitype>
					<columnname>vtewebhookrequestsno</columnname>
					<tablename>vtiger_vtewebhookrequests</tablename>
					<generatedtype>1</generatedtype>
					<fieldlabel>Webhook Requests No</fieldlabel>
					<readonly>1</readonly>
					<presence>2</presence>
					<defaultvalue></defaultvalue>
					<sequence>5</sequence>
					<maximumlength>100</maximumlength>
					<typeofdata>V~O</typeofdata>
					<quickcreate>1</quickcreate>
					<quickcreatesequence>0</quickcreatesequence>
					<displaytype>1</displaytype>
					<info_type>BAS</info_type>
					<helpinfo><![CDATA[]]></helpinfo>
					<masseditable>1</masseditable>
					<summaryfield>1</summaryfield>
				</field>
				<field>
					<fieldname>description</fieldname>
					<uitype>19</uitype>
					<columnname>description</columnname>
					<tablename>vtiger_crmentity</tablename>
					<generatedtype>1</generatedtype>
					<fieldlabel>Description</fieldlabel>
					<readonly>1</readonly>
					<presence>1</presence>
					<defaultvalue></defaultvalue>
					<sequence>6</sequence>
					<maximumlength>100</maximumlength>
					<typeofdata>V~O</typeofdata>
					<quickcreate>0</quickcreate>
					<quickcreatesequence>3</quickcreatesequence>
					<displaytype>1</displaytype>
					<info_type>BAS</info_type>
					<helpinfo><![CDATA[]]></helpinfo>
					<masseditable>1</masseditable>
					<summaryfield>1</summaryfield>
				</field>
				<field>
					<fieldname>created_user_id</fieldname>
					<uitype>52</uitype>
					<columnname>smcreatorid</columnname>
					<tablename>vtiger_crmentity</tablename>
					<generatedtype>1</generatedtype>
					<fieldlabel>Created By</fieldlabel>
					<readonly>1</readonly>
					<presence>1</presence>
					<defaultvalue></defaultvalue>
					<sequence>3</sequence>
					<maximumlength>100</maximumlength>
					<typeofdata>V~O</typeofdata>
					<quickcreate>1</quickcreate>
					<quickcreatesequence>0</quickcreatesequence>
					<displaytype>2</displaytype>
					<info_type>BAS</info_type>
					<helpinfo><![CDATA[]]></helpinfo>
					<masseditable>0</masseditable>
					<summaryfield>1</summaryfield>
				</field>
				<field>
					<fieldname>modifiedby</fieldname>
					<uitype>52</uitype>
					<columnname>modifiedby</columnname>
					<tablename>vtiger_crmentity</tablename>
					<generatedtype>1</generatedtype>
					<fieldlabel>Last Modified By</fieldlabel>
					<readonly>1</readonly>
					<presence>1</presence>
					<defaultvalue></defaultvalue>
					<sequence>4</sequence>
					<maximumlength>100</maximumlength>
					<typeofdata>V~O</typeofdata>
					<quickcreate>1</quickcreate>
					<quickcreatesequence>0</quickcreatesequence>
					<displaytype>2</displaytype>
					<info_type>BAS</info_type>
					<helpinfo><![CDATA[]]></helpinfo>
					<masseditable>0</masseditable>
					<summaryfield>1</summaryfield>
				</field>
				<field>
					<fieldname>workflow</fieldname>
					<uitype>1</uitype>
					<columnname>workflow</columnname>
					<tablename>vtiger_vtewebhookrequests</tablename>
					<generatedtype>1</generatedtype>
					<fieldlabel>Workflow</fieldlabel>
					<readonly>1</readonly>
					<presence>2</presence>
					<defaultvalue></defaultvalue>
					<sequence>7</sequence>
					<maximumlength>100</maximumlength>
					<typeofdata>V~O</typeofdata>
					<quickcreate>1</quickcreate>
					<quickcreatesequence>0</quickcreatesequence>
					<displaytype>1</displaytype>
					<info_type>BAS</info_type>
					<helpinfo><![CDATA[]]></helpinfo>
					<masseditable>1</masseditable>
					<summaryfield>0</summaryfield>
				</field>
				<field>
					<fieldname>source_module</fieldname>
					<uitype>1</uitype>
					<columnname>source_module</columnname>
					<tablename>vtiger_vtewebhookrequests</tablename>
					<generatedtype>1</generatedtype>
					<fieldlabel>Module</fieldlabel>
					<readonly>1</readonly>
					<presence>2</presence>
					<defaultvalue></defaultvalue>
					<sequence>8</sequence>
					<maximumlength>100</maximumlength>
					<typeofdata>V~O</typeofdata>
					<quickcreate>1</quickcreate>
					<quickcreatesequence>0</quickcreatesequence>
					<displaytype>1</displaytype>
					<info_type>BAS</info_type>
					<helpinfo><![CDATA[]]></helpinfo>
					<masseditable>1</masseditable>
					<summaryfield>0</summaryfield>
				</field>
				<field>
					<fieldname>action_title</fieldname>
					<uitype>1</uitype>
					<columnname>action_title</columnname>
					<tablename>vtiger_vtewebhookrequests</tablename>
					<generatedtype>1</generatedtype>
					<fieldlabel>Action Title</fieldlabel>
					<readonly>1</readonly>
					<presence>2</presence>
					<defaultvalue></defaultvalue>
					<sequence>9</sequence>
					<maximumlength>100</maximumlength>
					<typeofdata>V~O</typeofdata>
					<quickcreate>1</quickcreate>
					<quickcreatesequence>0</quickcreatesequence>
					<displaytype>1</displaytype>
					<info_type>BAS</info_type>
					<helpinfo><![CDATA[]]></helpinfo>
					<masseditable>1</masseditable>
					<summaryfield>0</summaryfield>
				</field>
				<field>
			<fieldname>record_url</fieldname>
			<uitype>17</uitype>
			<columnname>record_url</columnname>
			<tablename>vtiger_vtewebhookrequests</tablename>
			<generatedtype>1</generatedtype>
			<fieldlabel>Record URL</fieldlabel>
			<readonly>1</readonly>
			<presence>2</presence>
			<defaultvalue></defaultvalue>
			<sequence>10</sequence>
			<maximumlength>100</maximumlength>
			<typeofdata>V~O</typeofdata>
			<quickcreate>1</quickcreate>
			<quickcreatesequence>0</quickcreatesequence>
			<displaytype>1</displaytype>
			<info_type>BAS</info_type>
			<helpinfo><![CDATA[]]></helpinfo>
			<masseditable>1</masseditable>
			<summaryfield>0</summaryfield>
			</field>
			</fields>
		</block>
		<block>
			<label>LBL_CUSTOM_INFORMATION</label>
		</block>
		<block>
			<label>Request Details</label>
			<fields>
				<field>
					<fieldname>method</fieldname>
					<uitype>1</uitype>
					<columnname>method</columnname>
					<tablename>vtiger_vtewebhookrequests</tablename>
					<generatedtype>1</generatedtype>
					<fieldlabel>Method</fieldlabel>
					<readonly>1</readonly>
					<presence>2</presence>
					<defaultvalue></defaultvalue>
					<sequence>1</sequence>
					<maximumlength>100</maximumlength>
					<typeofdata>V~O</typeofdata>
					<quickcreate>1</quickcreate>
					<quickcreatesequence>0</quickcreatesequence>
					<displaytype>1</displaytype>
					<info_type>BAS</info_type>
					<helpinfo><![CDATA[]]></helpinfo>
					<masseditable>1</masseditable>
					<summaryfield>0</summaryfield>
				</field>
				<field>
					<fieldname>url</fieldname>
					<uitype>17</uitype>
					<columnname>url</columnname>
					<tablename>vtiger_vtewebhookrequests</tablename>
					<generatedtype>1</generatedtype>
					<fieldlabel>URL</fieldlabel>
					<readonly>1</readonly>
					<presence>2</presence>
					<defaultvalue></defaultvalue>
					<sequence>2</sequence>
					<maximumlength>100</maximumlength>
					<typeofdata>V~O</typeofdata>
					<quickcreate>1</quickcreate>
					<quickcreatesequence>0</quickcreatesequence>
					<displaytype>1</displaytype>
					<info_type>BAS</info_type>
					<helpinfo><![CDATA[]]></helpinfo>
					<masseditable>1</masseditable>
					<summaryfield>0</summaryfield>
				</field>
				<field>
					<fieldname>content_type</fieldname>
					<uitype>1</uitype>
					<columnname>content_type</columnname>
					<tablename>vtiger_vtewebhookrequests</tablename>
					<generatedtype>1</generatedtype>
					<fieldlabel>Content Type</fieldlabel>
					<readonly>1</readonly>
					<presence>2</presence>
					<defaultvalue></defaultvalue>
					<sequence>3</sequence>
					<maximumlength>100</maximumlength>
					<typeofdata>V~O</typeofdata>
					<quickcreate>1</quickcreate>
					<quickcreatesequence>0</quickcreatesequence>
					<displaytype>1</displaytype>
					<info_type>BAS</info_type>
					<helpinfo><![CDATA[]]></helpinfo>
					<masseditable>1</masseditable>
					<summaryfield>0</summaryfield>
				</field>
				<field>
					<fieldname>authorization_type</fieldname>
					<uitype>1</uitype>
					<columnname>authorization_type</columnname>
					<tablename>vtiger_vtewebhookrequests</tablename>
					<generatedtype>1</generatedtype>
					<fieldlabel>Authorization Type</fieldlabel>
					<readonly>1</readonly>
					<presence>2</presence>
					<defaultvalue></defaultvalue>
					<sequence>4</sequence>
					<maximumlength>100</maximumlength>
					<typeofdata>V~O</typeofdata>
					<quickcreate>1</quickcreate>
					<quickcreatesequence>0</quickcreatesequence>
					<displaytype>1</displaytype>
					<info_type>BAS</info_type>
					<helpinfo><![CDATA[]]></helpinfo>
					<masseditable>1</masseditable>
					<summaryfield>0</summaryfield>
				</field>
				<field>
					<fieldname>authorization_username</fieldname>
					<uitype>1</uitype>
					<columnname>authorization_username</columnname>
					<tablename>vtiger_vtewebhookrequests</tablename>
					<generatedtype>1</generatedtype>
					<fieldlabel>Authorization Username</fieldlabel>
					<readonly>1</readonly>
					<presence>2</presence>
					<defaultvalue></defaultvalue>
					<sequence>5</sequence>
					<maximumlength>100</maximumlength>
					<typeofdata>V~O</typeofdata>
					<quickcreate>1</quickcreate>
					<quickcreatesequence>0</quickcreatesequence>
					<displaytype>1</displaytype>
					<info_type>BAS</info_type>
					<helpinfo><![CDATA[]]></helpinfo>
					<masseditable>1</masseditable>
					<summaryfield>0</summaryfield>
				</field>
				<field>
					<fieldname>authorization_password</fieldname>
					<uitype>1</uitype>
					<columnname>authorization_password</columnname>
					<tablename>vtiger_vtewebhookrequests</tablename>
					<generatedtype>1</generatedtype>
					<fieldlabel>Authorization Password</fieldlabel>
					<readonly>1</readonly>
					<presence>2</presence>
					<defaultvalue></defaultvalue>
					<sequence>6</sequence>
					<maximumlength>100</maximumlength>
					<typeofdata>V~O</typeofdata>
					<quickcreate>1</quickcreate>
					<quickcreatesequence>0</quickcreatesequence>
					<displaytype>1</displaytype>
					<info_type>BAS</info_type>
					<helpinfo><![CDATA[]]></helpinfo>
					<masseditable>1</masseditable>
					<summaryfield>0</summaryfield>
				</field>
				<field>
					<fieldname>request</fieldname>
					<uitype>19</uitype>
					<columnname>request</columnname>
					<tablename>vtiger_vtewebhookrequests</tablename>
					<generatedtype>1</generatedtype>
					<fieldlabel>Request</fieldlabel>
					<readonly>1</readonly>
					<presence>2</presence>
					<defaultvalue></defaultvalue>
					<sequence>7</sequence>
					<maximumlength>100</maximumlength>
					<typeofdata>V~O</typeofdata>
					<quickcreate>1</quickcreate>
					<quickcreatesequence>0</quickcreatesequence>
					<displaytype>1</displaytype>
					<info_type>BAS</info_type>
					<helpinfo><![CDATA[]]></helpinfo>
					<masseditable>1</masseditable>
					<summaryfield>0</summaryfield>
				</field>
				<field>
					<fieldname>request_date_time</fieldname>
					<uitype>1</uitype>
					<columnname>request_date_time</columnname>
					<tablename>vtiger_vtewebhookrequests</tablename>
					<generatedtype>1</generatedtype>
					<fieldlabel>Request Date/Time</fieldlabel>
					<readonly>1</readonly>
					<presence>2</presence>
					<defaultvalue></defaultvalue>
					<sequence>8</sequence>
					<maximumlength>100</maximumlength>
					<typeofdata>V~O</typeofdata>
					<quickcreate>1</quickcreate>
					<quickcreatesequence>0</quickcreatesequence>
					<displaytype>1</displaytype>
					<info_type>BAS</info_type>
					<helpinfo><![CDATA[]]></helpinfo>
					<masseditable>1</masseditable>
					<summaryfield>0</summaryfield>
				</field>
				<field>
					<fieldname>request_status</fieldname>
					<uitype>16</uitype>
					<columnname>request_status</columnname>
					<tablename>vtiger_vtewebhookrequests</tablename>
					<generatedtype>1</generatedtype>
					<fieldlabel>Request Status</fieldlabel>
					<readonly>1</readonly>
					<presence>2</presence>
					<defaultvalue></defaultvalue>
					<sequence>10</sequence>
					<maximumlength>100</maximumlength>
					<typeofdata></typeofdata>
					<quickcreate>1</quickcreate>
					<quickcreatesequence>0</quickcreatesequence>
					<displaytype>1</displaytype>
					<info_type>BAS</info_type>
					<helpinfo><![CDATA[]]></helpinfo>
					<masseditable>1</masseditable>
					<summaryfield>0</summaryfield>
					<picklistvalues>
					<picklistvalue>Pending</picklistvalue>
					<picklistvalue>Success</picklistvalue>
					<picklistvalue>Failed</picklistvalue>
					<picklistvalue>Retry</picklistvalue>
					</picklistvalues>
				</field>
			</fields>
		</block>
		<block>
		<label>Response Details</label>
			<fields>
				<field>
					<fieldname>request_response</fieldname>
					<uitype>19</uitype>
					<columnname>request_response</columnname>
					<tablename>vtiger_vtewebhookrequests</tablename>
					<generatedtype>1</generatedtype>
					<fieldlabel>Request Response</fieldlabel>
					<readonly>1</readonly>
					<presence>2</presence>
					<defaultvalue></defaultvalue>
					<sequence>1</sequence>
					<maximumlength>100</maximumlength>
					<typeofdata>V~O</typeofdata>
					<quickcreate>1</quickcreate>
					<quickcreatesequence>0</quickcreatesequence>
					<displaytype>1</displaytype>
					<info_type>BAS</info_type>
					<helpinfo><![CDATA[]]></helpinfo>
					<masseditable>1</masseditable>
					<summaryfield>0</summaryfield>
				</field>
				<field>
					<fieldname>mapped_response</fieldname>
					<uitype>19</uitype>
					<columnname>mapped_response</columnname>
					<tablename>vtiger_vtewebhookrequests</tablename>
					<generatedtype>1</generatedtype>
					<fieldlabel>Mapped Response</fieldlabel>
					<readonly>1</readonly>
					<presence>2</presence>
					<defaultvalue></defaultvalue>
					<sequence>2</sequence>
					<maximumlength>100</maximumlength>
					<typeofdata>V~O</typeofdata>
					<quickcreate>1</quickcreate>
					<quickcreatesequence>0</quickcreatesequence>
					<displaytype>1</displaytype>
					<info_type>BAS</info_type>
					<helpinfo><![CDATA[]]></helpinfo>
					<masseditable>1</masseditable>
					<summaryfield>0</summaryfield>
				</field>
				<field>
					<fieldname>update_to_vtiger</fieldname>
					<uitype>19</uitype>
					<columnname>update_to_vtiger</columnname>
					<tablename>vtiger_vtewebhookrequests</tablename>
					<generatedtype>1</generatedtype>
					<fieldlabel>Update to VTiger</fieldlabel>
					<readonly>1</readonly>
					<presence>2</presence>
					<defaultvalue></defaultvalue>
					<sequence>3</sequence>
					<maximumlength>100</maximumlength>
					<typeofdata>V~O</typeofdata>
					<quickcreate>1</quickcreate>
					<quickcreatesequence>0</quickcreatesequence>
					<displaytype>1</displaytype>
					<info_type>BAS</info_type>
					<helpinfo><![CDATA[]]></helpinfo>
					<masseditable>1</masseditable>
					<summaryfield>0</summaryfield>
				</field>
			</fields>
		</block>
		</blocks>
	<customviews>
		<customview>
			<viewname>All</viewname>
			<setdefault>true</setdefault>
			<setmetrics>false</setmetrics>
			<fields>
				<field>
					<fieldname>createdtime</fieldname>
					<columnindex>0</columnindex>
				</field>
				<field>
					<fieldname>request_status</fieldname>
					<columnindex>1</columnindex>
				</field>
				<field>
					<fieldname>request_date_time</fieldname>
					<columnindex>2</columnindex>
				</field>
				<field>
					<fieldname>request_response</fieldname>
					<columnindex>3</columnindex>
				</field>
				<field>
					<fieldname>workflow</fieldname>
					<columnindex>4</columnindex>
				</field>
				<field>
					<fieldname>action_title</fieldname>
					<columnindex>5</columnindex>
				</field>
				<field>
					<fieldname>source_module</fieldname>
					<columnindex>6</columnindex>
				</field>
				<field>
					<fieldname>record_url</fieldname>
					<columnindex>7</columnindex>
				</field>
			</fields>
		</customview>
	</customviews>
	<sharingaccess>
		<default>private</default>
	</sharingaccess>
	<actions>
		<action>
			<name><![CDATA[Import]]></name>
				<status>enabled</status>
		</action>
		<action>
			<name><![CDATA[Export]]></name>
			<status>enabled</status>
		</action>
		<action>
			<name><![CDATA[Merge]]></name>
			<status>enabled</status>
		</action>
	</actions>
</module>
