<?xml version='1.0'?>
<schema>
	<tables>
		<table>
			<name>vtdevkb_view_settings</name>
			<sql><![CDATA[CREATE TABLE `vtdevkb_view_settings` (
				`enable`  int(3) NULL DEFAULT NULL 
				)]]></sql>
		</table>
		<table>
			<name>vtdevkbview_setting</name>
			<sql><![CDATA[CREATE TABLE `vtdevkbview_setting` (
				  `module` varchar(100) NOT NULL,
				  `primary_field` int(11) NOT NULL,
				  `primary_value` varchar(255) NOT NULL,
				  `other_field` text NOT NULL,
				  PRIMARY KEY (`module`)
				)]]></sql>
		</table>
		<table>
			<name>vtdevkb_sequence</name>
			<sql><![CDATA[CREATE TABLE `vtdevkb_sequence` (
				  `crmid` int(11) NOT NULL,
				  `module` varchar(50) NOT NULL,
				  `sequence` int(11) NOT NULL,
				  `primary_field_id` int(11) NOT NULL,
				  `primary_field_value` varchar(255) NOT NULL,
				  PRIMARY KEY (`crmid`)
				)]]></sql>
		</table>
		<table>
			<name>vtdevkbview_setting</name>
			<sql><![CDATA[ALTER TABLE `vtdevkbview_setting`
					MODIFY COLUMN `primary_value`  text NOT NULL AFTER `primary_field`;]]></sql>
		</table>
		<table>
			<name>vtdevkb_sequence</name>
			<sql><![CDATA[ALTER TABLE `vtdevkb_sequence`
					ADD COLUMN `username`  varchar(50) NOT NULL,
					DROP PRIMARY KEY,
					ADD PRIMARY KEY (`crmid`, `username`);]]></sql>
		</table>
		<table>
			<name>vtdevkbview_setting</name>
			<sql><![CDATA[ALTER TABLE `vtdevkbview_setting`
					ADD COLUMN `username`  varchar(50) NOT NULL ,
					DROP PRIMARY KEY,
					ADD PRIMARY KEY (`module`, `username`);]]></sql>
		</table>
		<table>
			<name>vtdevkbview_setting</name>
			<sql><![CDATA[ALTER TABLE vtdevkbview_setting
					ADD `is_default_page` tinyint(1) DEFAULT '0';]]></sql>
		</table>
		<table>
			<name>vtdev_modules</name>
			<sql><![CDATA[CREATE TABLE `vtdev_modules` (
				`module`  varchar(50) NOT NULL ,
				`valid`  int(1) NULL ,
				PRIMARY KEY (`module`));]]></sql>
		</table>
	</tables>
</schema>
